url,doc_id,title,document_version,customer_role,category,retailer,language,license_or_permission
https://cellphones.com.vn/chinh-sach-bao-hanh,cps-chinh-sach-bao-hanh,Chính sách bảo hành và đổi trả sản phẩm - CellphoneS,not-stated,buyer,warranty,cellphones,vi,public-page
https://cellphones.com.vn/huong-dan-huy-giao-dich-doi-tra,cps-huy-giao-dich-doi-tra,Hướng dẫn hủy giao dịch và đổi trả - CellphoneS,not-stated,buyer,returns,cellphones,vi,public-page
https://cellphones.com.vn/quy-che-hoat-dong-ung-dung-cellphones/chinh-sach-doi-tra,cps-chinh-sach-doi-tra,Chính sách hủy giao dịch đổi trả hàng - CellphoneS,not-stated,buyer,returns,cellphones,vi,public-page
https://cellphones.com.vn/quy-che-hoat-dong-ung-dung-cellphones,cps-quy-che-hoat-dong,Quy chế hoạt động ứng dụng CellphoneS,2022-03-10,both,platform-rules,cellphones,vi,public-page
https://cellphones.com.vn/chinh-sach-giao-hang,cps-chinh-sach-giao-hang,Chính sách giao hàng - CellphoneS,2022-12-12,buyer,shipping,cellphones,vi,public-page
https://hoanghamobile.com/tin-tuc/chinh-sach-bao-xai-doi-tra-trong-15-ngay-dau-tai-hoang-ha-mobile/,hhm-bao-xai-doi-tra-15-ngay,Chính sách bao xài đổi trả 15/30 ngày - Hoàng Hà Mobile,2022-06-08,buyer,returns,hoanghamobile,vi,public-page
https://hoanghamobile.com/tin-tuc/chinh-sach-bao-hanh-tai-hoang-ha-mobile,hhm-chinh-sach-bao-hanh,Chính sách bảo hành - Hoàng Hà Mobile,2022-06-08,buyer,warranty,hoanghamobile,vi,public-page
https://didongviet.vn/chinh-sach/chinh-sach-bao-hanh-dien-thoai/,ddv-bao-hanh-doi-tra-may-moi,Chính sách bảo hành và đổi trả máy mới - Di Động Việt,not-stated,buyer,warranty,didongviet,vi,public-page
https://didongviet.vn/chinh-sach/chinh-sach-bao-hanh-doi-tra-may-qua-su-dung/,ddv-bao-hanh-doi-tra-may-cu,Chính sách bảo hành đổi trả máy qua sử dụng - Di Động Việt,not-stated,buyer,warranty,didongviet,vi,public-page
